filename,label,ax_mean,ax_std,ax_var,ax_range,ax_rms,ax_skew,ax_kurtosis,ay_mean,ay_std,ay_var,ay_range,ay_rms,ay_skew,ay_kurtosis,az_mean,az_std,az_var,az_range,az_rms,az_skew,az_kurtosis,a_total_energy,a_total_max,a_total_min,a_total_median,a_total_iqr,a_total_absmean,a_total_zero_crossings
skud10_clipped.csv,shot,-2.359191919191919,3.2543215019285507,10.590608437914499,16.400000000000002,4.019501828522404,-2.222397682926261,8.86608659848493,-0.30752525252525265,4.5510864988560025,20.712388320069383,27.89,4.561464688124868,0.87506560884764,6.943809190766146,-0.7661616161616162,1.414336555799975,2.0003478930721355,6.88,1.6085246392739885,-1.3894258718766337,5.3772845811852585,39.550706565656576,20.175445472157488,0.8016233529532433,2.705482366025713,3.421218649161356,4.50785464414378,0
skud11_clipped.csv,shot,-2.46075,3.3025088853022035,10.906564937500002,14.75,4.118477327848243,-2.0742410531919706,7.066333637968877,-0.014150000000000062,3.8913968285822516,15.142969277500004,29.15,3.8914225547992087,-0.106350182974525,10.208561324337824,-0.4427000000000001,1.42456684995826,2.02939071,6.82,1.4917687488347515,-0.4453392837458037,2.6768467440373716,34.33039899999999,21.012974563350134,0.6794115100585212,2.838890628396945,3.5317762022003274,4.074640645949969,0
skud13_clipped.csv,shot,-2.47925,3.7320304041499983,13.9280509375,15.6,4.480483400259397,-1.7336578869936075,5.330203193976284,-0.24309999999999996,4.042472558966851,16.34158439,29.32,4.0497755493360375,0.5316491187859489,9.39863143697726,-0.41669999999999985,1.6054358006472882,2.5774241099999995,8.99,1.6586328707703824,0.6112665787474489,5.569825627285818,39.226476500000004,20.51928117649349,0.8837420438114281,2.60503358903489,2.7621380914657667,4.286741061566142,0
skud16_clipped.csv,shot,-2.0328,3.2454855045123834,10.53317616,16.14,3.8295498429972157,-2.1762856193599442,7.662445783319134,-0.1438,4.997440600947649,24.97441256,30.770000000000003,4.999509075899353,-0.3270960268981599,6.7983055220659105,-0.6022,1.755017424414926,3.08008616,10.63,1.8554597812941136,-2.577138538839428,12.589228522227414,43.103274,19.12838728173392,0.72069410986909,2.29613383940256,4.459999756694927,4.40246239232573,0
skud18_clipped.csv,shot,-2.3175,3.8717713969189864,14.990613749999998,17.369999999999997,4.51236301731144,-2.2177742789787676,7.788493079559012,-0.8362999999999999,3.382740650715038,11.442934309999998,26.11,3.4845849107174875,-0.44522271044276945,11.692007551264417,-0.42944999999999994,2.6785748444835358,7.174763197499999,15.09,2.7127827963182014,-0.29171480598260313,5.493998239928334,39.8629425,23.12588809105501,0.9419660291114538,2.7520174418051933,2.4559263101173445,4.298998640231418,0
skud19_clipped.csv,shot,-1.8528000000000002,4.010567560832257,16.08465216,17.64,4.417863737147175,-2.2030112152670283,7.761127945979803,-0.9641999999999998,5.195196854788084,26.99007036,27.46,5.283914458050963,0.8260721631848515,5.721727444301003,-0.6022500000000001,2.1856720791326407,4.7771624375,11.56,2.2671275879402994,-0.8436284093806037,5.007548754888102,52.5771395,22.50495278821975,0.7934733769950949,3.4288879037704563,4.236111530155048,5.1153690899208675,0
skud1_clipped.csv,shot,-2.51745,4.033190920040854,16.266628997499996,17.259999999999998,4.75438571216093,-1.7136062526393294,5.279772677980334,-0.3278499999999999,3.8220124120023473,14.6077788775,25.74,3.836048031503255,-0.14024502974669484,8.081720630754157,-0.17850000000000002,2.4955343616147623,6.227691749999999,10.469999999999999,2.5019100703262698,0.564858770087987,3.008762996907416,43.579002,21.81076110547268,0.5700000000000001,3.2903039373285865,4.474235844579327,4.6725016608043,0
skud21_clipped.csv,shot,-2.4234000000000004,3.6148705979605964,13.06728944,16.29,4.352029066998519,-1.79939780465786,6.252419728353366,-0.2739999999999999,2.7705892874982387,7.676164999999998,19.53,2.7841050626727433,-0.6526945008985203,8.681669839868771,-0.5021,2.556095575286652,6.5336245900000005,20.270000000000003,2.6049431855608676,1.1043006953233054,13.517603279454077,33.477127,19.462217242647355,0.5543464620614079,2.754922866433832,2.478407406775468,4.044207731683868,0
skud22_clipped.csv,shot,-2.1406,3.9090827108159276,15.28092764,18.43,4.456803338717113,-1.8587995947488611,6.306230426569966,-0.6701500000000001,3.723611483157178,13.8652824775,23.72,3.7834354097830185,-0.8782507068195865,8.254667847686513,-0.32795,2.503045604358818,6.265237297499999,13.83,2.524438254344915,-0.9760098020518293,5.223029720234325,40.550267999999996,22.97968015443209,0.5114684741017769,2.871063940146668,2.4549776322407064,4.389266063434969,0
skud23_clipped.csv,shot,-2.00195,3.4198258285327925,11.695208697500002,15.78,3.9627026762047137,-1.171910185513773,4.5723303451647865,-0.5091499999999999,4.214429353720383,17.7614147775,25.84,4.245073438705154,0.13450974209966837,5.825472170852812,-0.44739999999999996,2.852919424028656,8.13914924,14.14,2.887787388295752,0.4752053691759253,3.498843407531656,42.06297699999999,19.01091528569837,0.8587199776411399,3.780222906539019,3.822017105574998,5.1540415656036656,0
skud24_clipped.csv,shot,-2.352192513368984,3.742732709406537,14.008048134061596,18.57,4.420504242053241,-1.9606046066080751,6.876131081065021,-1.2406417112299468,4.465108057207378,19.93718996253825,28.65,4.634261733888346,-0.029046062884828052,6.759192910327382,-0.7563636363636365,1.5030025693203486,2.2590167233835694,5.92,1.6825880879754236,-0.5657376785504643,2.085035333970756,43.848342245989315,22.246610977854584,0.7668115805072326,3.196779629564728,5.057984050452717,4.790582614315444,0
skud28_clipped.csv,shot,-2.22815,3.298896190773514,10.882716077500001,18.0,3.9808753434389272,-2.0897149416343477,8.03839827127086,-0.6765999999999999,3.3911554726965853,11.49993544,23.869999999999997,3.4579940717126747,-0.03650005262265663,9.500959642225789,-0.2340000000000001,2.1121280737682553,4.461085000000001,10.77,2.1250508229216543,-0.3551558520697457,3.899847523061609,32.3209325,20.787854627161504,0.967160793250016,2.69386339668514,3.312614136820658,4.117114075619495,0
skud29_clipped.csv,shot,-2.6707000000000005,3.8258455941138036,14.637094510000003,17.06,4.665804646574908,-1.6619554271792236,5.466135645082279,-0.87965,4.572872005370367,20.9111583775,27.88,4.656709406866613,0.4218320025629129,6.336872794178515,-0.8908,3.2181010487553054,10.356174359999997,19.5,3.339116499914311,0.6750610996106428,6.045248091003671,54.604374500000006,21.143767403185272,1.4174977954127477,3.3898230042289823,3.5212283808683154,5.559833146388228,0
skud2_clipped.csv,shot,-2.6388,3.4943440815122946,12.210440560000002,15.44,4.378779053571897,-1.7889986357102596,6.1198394289285964,-0.72855,3.901605746035855,15.222527397499999,26.99,3.969044280428224,-0.12071532165575288,9.34950665275128,-0.9764000000000002,1.9395373262713973,3.7618050400000005,8.08,2.1714423777756573,-0.42437912325979865,2.26961866230066,39.6421805,21.710485945735996,1.0388455130576442,2.9600273622825033,3.6497682768536572,4.657618526599623,0
skud30_clipped.csv,shot,-2.1062499999999997,3.47779174728735,12.095035437499998,15.190000000000001,4.0658731534567085,-1.5555866076191485,5.005028840165795,-0.7018999999999999,4.299755736085482,18.48789939,29.65,4.356668796224932,0.7554180797006697,8.827386980529502,-0.60155,1.9635829744372912,3.8556580975,8.55,2.053660268885776,0.4913811450070771,3.486838796555883,39.72940800000001,18.87487748304608,0.4387482193696061,2.9109792166898067,3.224384668149986,4.4061416206407715,0
skud32_clipped.csv,shot,-2.39915,3.958621954354823,15.670687777499998,19.66,4.628888473489073,-1.6459458404551772,6.519616020303251,-0.9667000000000001,4.078907220077456,16.63748411,25.65,4.191896110353881,-1.477700733448927,8.525770074235329,-0.4375499999999999,2.4589517070288305,6.046443497499999,11.48,2.497577526324258,-0.07922530850840481,2.5325464044750223,45.236495,23.251771975486083,1.436488774756002,3.958244560408061,1.8841572576123449,5.248771233071546,0
skud33_clipped.csv,shot,-2.6717499999999994,3.4338602821751496,11.791396437499998,17.84,4.3508211293961505,-1.5908963609104687,6.308586005742153,0.23255000000000003,5.0136883626228705,25.137070997500004,29.380000000000003,5.019078650509473,-0.21612443682415403,6.076119491168298,-0.8284,3.089892302330293,9.54743444,17.23,3.199012503883034,-0.21177438492726025,3.869974605506626,54.354476000000005,22.500399996444507,1.0645656391223606,3.3015753815413635,4.134097740537375,5.377464199947035,0
skud34_clipped.csv,shot,-2.3802,3.5094054995112773,12.315926959999997,17.240000000000002,4.240433822146032,-1.8859435164027305,6.682432620846477,0.013300000000000018,4.3975365956407915,19.33832811,27.549999999999997,4.397556707991382,-0.19440574502764227,6.271321974658292,-1.00365,2.3095627676034267,5.3340801775,13.059999999999999,2.5182123619742636,-0.8979192829348996,5.206409394707513,43.6611775,22.018655726451605,0.472122865364515,2.869250773285598,4.466589575040134,4.672316530456935,0
skud36_clipped.csv,shot,-1.7447500000000002,3.900099221494243,15.2107739375,18.7,4.27257843696286,-1.7979355700630744,6.27809741520846,-1.00495,4.327909656808932,18.730801997500002,30.46,4.443053735889316,1.2901406127853234,10.729003502265929,-1.03885,1.9310404391156597,3.7289171775,11.36,2.192744057112001,-2.2890590405090485,9.764166036725838,42.8037795,22.6672495023106,1.2445481107614924,2.9739555120742676,2.257563979640823,4.512286900118981,0
skud38_clipped.csv,shot,-2.278,3.7898093619600446,14.362655,16.13,4.421757456034873,-1.6036085975535033,5.26434812586064,-1.1142,4.323685853528214,18.69425936,27.14,4.464941321002998,1.6327631765140236,9.302361512618193,-0.9659,1.965637349563749,3.86373019,11.75,2.190135383943194,-1.2441278935083833,6.353668921034949,44.284333000000004,20.078448645251456,1.2937542270462346,2.8722013303992995,2.8783691843448924,4.77217053980199,0
skud39_clipped.csv,shot,-1.8585500000000001,3.5195547157985767,12.3872653975,16.31,3.9801348595242345,-2.3492401458946306,8.567279490683019,-0.8907499999999999,4.136957811907199,17.1144199375,29.77,4.231767420357598,0.3974665132123614,9.708114125816252,-0.68035,1.1601738565835726,1.3460033775,6.32,1.3449459096930256,0.6996904119711516,5.349583181400295,35.5582085,21.50534119701429,0.5994997914928745,2.155203006679417,3.4083856401137544,3.9973761949996924,0
skud40_clipped.csv,shot,-1.79165,3.2320629290748655,10.4462307775,16.220000000000002,3.6954350894042234,-2.2740496537131887,8.931757262774434,-0.69895,3.2430635820933267,10.517461397499998,20.06,3.317528070717714,0.21396471845855405,6.892348293401106,-0.30510000000000004,1.7633536202361682,3.10941599,8.75,1.789553575615997,0.5911588676126451,3.7505659603760377,27.864735,18.54168546815526,0.6478425734698207,1.8732433963850552,3.8053125893655597,3.6500648109967995,0
skud41_clipped.csv,shot,-2.4059500000000003,3.7302465196686394,13.914739097499998,14.959999999999999,4.43884382469129,-1.4948775594054924,4.590839250647422,-0.665,5.010718012420973,25.107294999999993,31.02,5.054653301661747,0.755635253712413,6.614628559992616,-0.3763499999999999,1.8407287082837602,3.3882821775000003,7.23,1.878808532022356,0.5005766572835327,2.6994015606655846,48.78277599999999,20.41081576027769,0.9810198774744576,3.49639814666465,4.220810077857028,5.220119629554094,0
skud43_clipped.csv,shot,-2.122626262626263,4.017345997088174,16.13906886032038,17.32,4.543634130419296,-1.6496345578390015,5.206969866158276,-1.1585353535353535,4.914175473269494,24.14912058208346,31.25,5.0488934181139875,0.6675311055528215,7.7796136123212305,-0.8774242424242426,2.121821433051269,4.502126193755739,12.489999999999998,2.2960835121897234,-1.0333023488866906,5.833696333138195,51.40793535353535,21.96604197391965,0.5710516614107694,3.0608495552705626,3.3945356379511624,5.013433841017329,0
skud44_clipped.csv,shot,-2.10325,3.76754601000439,14.1944029375,16.87,4.314865409256702,-1.9605585474026688,6.575996124934755,-1.1161,4.345200776719069,18.88076979,28.490000000000002,4.486251107550713,0.7510513691293891,8.206635955752649,-0.6538499999999999,2.4679458416869684,6.0907566775,12.67,2.5530915573085116,-1.5871139809996635,6.55755089445693,45.262789000000005,19.751478425677405,0.5452522352086235,2.4350123157669357,4.285250071900961,4.689430268314946,0
skud45_clipped.csv,shot,-2.4145454545454546,4.029434321961904,16.23634095500459,17.19,4.6974855728432745,-1.617116445130862,5.126795704582182,-0.6354040404040405,4.851694339925434,23.538937968064488,23.34,4.893125408430308,0.620847809492116,4.454640252231514,-0.28469696969696967,1.7446665216622341,3.043861271808999,8.07,1.7677425254724275,0.4707288438924116,3.275621505256566,49.133960606060604,19.28309103852388,0.9046546302318912,3.5304390661785963,4.318771381162461,5.170903193493563,0
skud46_clipped.csv,shot,-2.2081999999999997,3.6367008070502584,13.225592760000001,18.21,4.2546139660373425,-2.186685118013626,8.808530634134408,-0.7922,3.781429512763659,14.299209160000002,25.689999999999998,3.863520415372488,-0.605558358881199,7.966934680365081,-0.43435000000000007,2.5755538389829864,6.6334775775,14.620000000000001,2.6119221849052088,-1.1140085786235217,6.294839739810187,39.85066750000001,21.847906078157692,1.315826736314474,3.2811126161715327,2.933888514719923,4.686455975123574,0
skud47_clipped.csv,shot,-2.3400999999999996,3.127023982958877,9.778278989999999,15.790000000000001,3.9056813746131422,-2.044213504892654,7.897395004976404,-1.14095,4.727073047616251,22.345219597499995,31.14,4.862816724903377,-0.10258225136448132,7.714773438942402,-0.5336,2.8040431594395976,7.86265804,13.219999999999999,2.8543628010468463,-1.3963649695071039,5.439647165340364,47.0487205,20.661444770392997,1.161077086157504,2.3777264453038485,2.0677800686021297,4.781705916345933,0
skud48_clipped.csv,shot,-2.8515499999999996,4.081608273401552,16.6595260975,15.330000000000002,4.97904242801766,-1.326906108553741,3.8587713150813667,-1.04975,4.3444747021360355,18.874460437499998,30.78,4.469500587313979,0.7297359514705594,9.162291535261609,-1.1898499999999999,2.507141295878635,6.285757477500002,10.72,2.775157743264336,-1.2855575048386119,4.325234018885984,52.468799499999996,19.37574772750719,1.9879889335708083,3.74834630203774,2.819887421811606,5.60312234607071,0
skud49_clipped.csv,shot,-1.8553500000000003,3.5527217562736317,12.621831877499998,18.74,4.008011414654404,-2.172233622680689,9.051387516739196,-1.1482500000000002,4.389707329367186,19.2695304375,28.04,4.537401073301764,0.4743840150520849,7.644027616009308,-0.75185,2.22527707881513,4.951858077499999,16.46,2.3488585525739945,3.0502263598839807,18.254500973129666,42.16930049999999,21.21052804623213,1.424254190796011,2.4727400710123413,1.714035822966165,4.579785532364648,0
skud51_clipped.csv,shot,-1.83665,3.3995070638991174,11.556648277499999,15.600000000000001,3.863926953243294,-1.7210804840349516,5.929739203866775,-1.0274999999999999,4.591353476917237,21.08052675,29.84,4.704921147054433,0.8235301786182573,7.3493072175575165,-1.12845,1.68827133408703,2.8502600974999996,7.76,2.030679566056644,-0.6181341609765374,3.301548723687204,41.18987400000001,19.88235650017372,1.1191067866830224,3.5682068325701075,3.8527718114574796,4.799958804227689,0
skud53_clipped.csv,shot,-2.0855,3.664800506166741,13.430762750000001,16.52,4.216642384646818,-1.885370116805267,6.491539969685798,-0.6234,4.210162163147638,17.72546544,30.86,4.256065436527028,0.36115129737353274,9.95141332147992,-0.5703500000000001,1.6606746753955153,2.7578403775,7.75,1.7558870977372092,0.47013297758385525,3.04827610805072,38.9773055,19.79431231439981,0.5114684741017769,2.351935373261774,2.8649305392408513,4.249653871221697,0
skud54_clipped.csv,shot,-1.9641000000000002,3.0544219076610877,9.329493189999999,16.5,3.6314159772738783,-1.9992963973063493,8.31572037614829,-0.3072000000000001,3.6245666168522823,13.137483159999999,24.91,3.637561683325796,-1.033103859818271,8.956706372463888,-0.3936999999999999,1.5279893029730278,2.3347513099999997,9.05,1.5778944831641941,-0.5980992617432637,5.153212134978164,28.908788000000005,20.90515247492828,0.4402272140611028,2.771299334247385,2.712467805372282,3.9191862003846962,0
skud55_clipped.csv,shot,-2.14655,4.088927683085139,16.719329597500003,17.04,4.618117202930216,-1.799734843643651,5.6360354017284084,-0.34694999999999987,4.341246502733979,18.8464211975,25.560000000000002,4.355088460640036,-0.16995938248225811,6.119058462727602,-0.34145,2.0493107127763714,4.1996743975,8.48,2.0775616717681333,-0.13327422725993568,2.4020866415204445,44.61006450000001,21.37322624219376,0.4916299421312741,3.246998614105032,3.2248107096392222,4.8489305111009,0
skud56_clipped.csv,shot,-1.07395,2.0516707575778335,4.2093528975000005,12.15,2.315755060450047,-2.2557547911458715,10.682912377045659,-0.69915,0.8485026679392353,0.7199567775000003,4.65,1.0994396299933888,3.0036750193052177,13.264661293239028,-0.5592,0.45277848888833044,0.20500835999999997,2.83,0.7195227585003826,-1.1449299280538632,8.836010364655802,7.089202,10.85357084097211,0.9297849213662264,1.6543276579928174,1.0352193212878669,2.0649154000353804,0
skud58_clipped.csv,shot,-2.3741000000000003,3.7109243039975905,13.770959190000001,15.850000000000001,4.40537285595669,-1.7735669819337119,5.690636158585252,-0.7778000000000002,3.6262286414400293,13.14953416,27.060000000000002,3.708706917511816,0.07027261722521758,11.378897300639213,-0.46594999999999986,2.2528977112820723,5.0755480975000005,14.23,2.30057764485357,-0.7958410468326109,6.506417563862046,38.4544745,20.734577401046785,1.0926115503691145,2.5779061270729,2.9122195736786787,4.39668411080554,0
skud60_clipped.csv,shot,-2.9452999999999996,3.804731121905988,14.475978909999998,17.44,4.811524810286236,-1.570370631981279,4.895459180757752,-0.47350000000000003,4.870719325725924,23.723906749999998,28.86,4.893680516748105,0.9207686245539484,5.976545929257212,-0.2396499999999999,3.3540465675807183,11.249628377499999,14.809999999999999,3.3625972848380163,-0.027105560460275065,2.721964493597639,58.4059405,22.01695255933482,0.8077747210701757,3.755994341092568,3.4615353530816177,5.793551691828965,0
skud62_clipped.csv,shot,-2.4861499999999994,3.780856209577402,14.2948736775,17.83,4.5250210496747965,-1.652125156015165,5.659465991211724,-0.47404999999999986,5.464546650683842,29.8612700975,31.08,5.485070054247256,0.5910860594601517,6.23443593716525,-0.5861499999999998,1.7690530454172368,3.1295486775,9.71,1.8636309988836308,0.5601188428658729,4.0977513060068,54.0349295,20.122365666094037,1.151260179108094,2.7766706682644235,4.19095418890284,5.271311006944331,0
skud63_clipped.csv,shot,-2.12825,3.2348615793415334,10.4643294375,17.57,3.8721799415832936,-2.384590455704121,9.802410311702554,-1.07275,3.5741029556379598,12.774211937499999,26.25,3.7316222343640306,-0.6886042152078623,10.12530862552475,-0.50555,2.3044213368001953,5.3103576975,10.15,2.3592241309379656,-0.5256321922072001,3.343500854656813,34.4847205,22.234102185606687,0.809814793641114,3.130271553715428,1.7437123610524075,4.293180119200953,0
skud65_clipped.csv,shot,-2.8173000000000004,3.4469187269211905,11.88124871,15.26,4.451789303190347,-1.77350795628553,5.949530706706997,-0.33215000000000006,4.391431415552336,19.2846698775,27.47,4.403974738801303,-0.5432308230738347,6.336678542331454,-0.8338000000000001,1.602390576607339,2.5676555600000004,7.2700000000000005,1.8063438210927618,-0.891359679192013,3.50917862715872,42.4762995,19.06898529025601,0.568330889535313,3.3014239352134105,4.8398684595781525,4.686197124128663,0
skud66_clipped.csv,shot,-3.7606000000000006,3.931271504233713,15.454895640000002,16.38,5.44031322627659,-1.591310031358291,5.082708785954999,-1.5665,3.7972356721699536,14.418998749999998,23.0,4.107666125672826,-0.653065014462284,5.705439348235799,-1.10235,2.2456653752284645,5.0430129775,8.78,2.5016371639388475,-0.46021979940063107,2.1850972222764042,52.72811750000001,22.71183391978728,0.8109253973085319,5.099780407758089,3.851094086805234,5.774700064767776,0
skud67_clipped.csv,shot,-3.84425,3.9804172441466483,15.8437214375,15.55,5.533712994003213,-1.9529776593023114,5.963769483103819,-1.1353499999999999,2.963695645220676,8.7834918775,18.28,3.17372202626506,-2.5018656719365504,13.32767341144035,-0.7714000000000002,3.09851868479117,9.600818040000002,10.41,3.1930981820169575,-0.13342421557013762,1.6542353813159856,50.890367000000005,22.6154902666292,1.2357993364620323,5.06447430638166,4.126792325329906,5.589209487582041,0
skud68_clipped.csv,shot,-3.6584999999999996,4.001595900387744,16.012769749999997,17.25,5.421936185533725,-1.5984189178880122,4.851838442390038,-0.9375999999999999,4.607501518176636,21.229070240000002,26.41,4.701931943361154,0.18386736506009846,5.376886058817023,-0.36205,2.2328686252218244,4.9857022975000005,8.6,2.2620306142932725,-0.10832351442630075,2.083529452401541,56.622338500000005,21.38854366243761,1.204865137681392,4.827929162694914,5.469276450851034,5.903459952391149,0
skud69_clipped.csv,shot,-3.73745,4.1176681504827455,16.955190997499997,16.61,5.5609103121701215,-1.6375957877067109,5.231369787947929,-1.24095,3.0643076864929863,9.389981597499999,20.64,3.3060457498346874,-2.003600454999767,11.773498645123325,-1.0162,2.661858854259557,7.085492560000001,9.17,2.849237617328537,-0.6466480682890794,2.022926218529524,49.971817,22.40145084587157,1.0589617556833677,4.7867316615828805,3.294646729513447,5.5241667926279545,0
skud7_clipped.csv,shot,-2.9787,3.6935207201259885,13.64209531,16.48,4.744970916665349,-2.1475573776278907,7.477888268892235,-0.7101,2.8837118424003467,8.315793990000001,17.64,2.969854541892582,0.386356348187304,6.579388826380913,-0.49379999999999996,1.985291051710051,3.9413805600000007,10.05,2.0457807800446264,0.2123449321940145,3.8183059094886644,35.520004,19.47954054899653,1.225805857385255,2.970202013331753,2.410355586711543,4.416505663994025,0
skud8_clipped.csv,shot,-2.12535,3.591745519590719,12.900635877500003,16.36,4.173457619288832,-2.5245392345987705,9.239006978335762,-0.47314999999999996,4.588235235632541,21.0519025775,26.3,4.612566910083799,-1.2409812861194978,6.420624883304705,-0.15455000000000005,1.9962854999974327,3.9851557974999996,10.1,2.002259099117794,-0.5868219708370035,4.260563013268617,42.7025635,22.219111143337845,0.4482186966202994,2.86660077443651,3.9419420193524703,4.538128786278233,0
cross10_clipped.csv,cross,-3.8415999999999997,5.0176430163972405,25.176741439999997,19.66,6.319385413155302,-1.3171029273151602,3.965745075715406,-0.72955,4.855803259760428,23.578825297500003,29.93,4.910302281937437,0.05328059046867268,6.973582416209019,-0.9521000000000004,2.5357812583107395,6.430186589999998,10.89,2.7086308349422588,-0.7494313943130124,2.8763264468529557,71.3823815,21.91115925732821,0.7831347265956222,4.84010330468266,5.98214919627788,6.373675518876812,0
cross11_clipped.csv,cross,-3.9423500000000002,5.101899938013289,26.0293829775,17.439999999999998,6.447596955455575,-1.2851354527678918,3.657395894092088,-1.7042499999999998,4.701712713203562,22.1061024375,30.22,5.001056938288146,0.3605055715080975,7.043603755496514,-1.57005,2.60796520250942,6.8014824975,9.93,3.044099127820906,-0.8539215018111304,2.95532929291733,75.84861649999999,22.920506102614752,2.1219330809429406,4.853874740864251,3.820789245754939,6.974426640520527,0
cross12_clipped.csv,cross,-3.77995,4.041478503901759,16.3335484975,15.37,5.533676038584117,-1.8064957871501495,5.069025649196234,-0.8502000000000001,4.456154391400729,19.85731196,26.2,4.536535241789708,-0.9947826582908772,6.41807600920576,-0.039599999999999795,2.7318552011407924,7.46303284,8.77,2.7321421998131794,0.03671731417404428,1.7295065971103145,58.666323500000004,22.0480611392476,1.132121901563608,4.281448353069321,5.750313856683626,5.817108551075441,0
cross13_clipped.csv,cross,-3.35465,4.78063666026817,22.854486877500005,17.82,5.840219473615696,-1.340486007991966,3.979734441233767,-0.5912000000000001,4.012611438950948,16.101050559999997,26.86,4.055929979671739,0.47106614327405766,7.755208945221858,-0.18810000000000002,2.297117191176802,5.276747390000001,8.9,2.304805631718215,-0.538230874771119,2.157519318716409,55.8708605,20.687003166239425,0.848174510345601,3.903191002244189,5.735427997641705,5.62193263691187,0
cross14_clipped.csv,cross,-4.1194500000000005,4.479312915782955,20.0642441975,17.02,6.0855659145226575,-1.4678676720144954,4.154032991839485,-0.72875,4.898852920582532,23.998759937499997,29.43,4.952760492896865,-0.6194478365737306,6.107359904572196,-0.6376999999999998,3.5628688875679946,12.69403471,14.54,3.619488361633451,-0.23577577994106763,2.418190096319704,74.664645,23.597126943761605,0.9472064188971694,5.236296401083499,5.665261156302438,6.936511068557156,0
cross15_clipped.csv,cross,-3.2890500000000005,5.331144586062171,28.421102597500003,19.41,6.26410029453552,-0.9297231699061231,3.183945828938555,-1.37465,4.65906781207357,21.7069128775,26.39,4.8576306467248,-0.06747730635556895,5.363418094466073,-0.64455,2.752270117103334,7.5749907975,16.02,2.826735838383205,0.01592294095648225,4.6510095617131135,70.8259635,21.3901379144689,2.0004499493863874,4.268618043348456,4.015442353570485,6.686504000961846,0
cross16_clipped.csv,cross,-3.2871499999999996,4.854004159196817,23.561356377499997,18.02,5.862312811510487,-1.487838741907649,4.088507780826548,-0.34965,4.560260889192635,20.795979377499997,28.15,4.573645646527504,-0.253598750382437,6.292122785016017,-0.6186500000000001,2.3710802764773695,5.622021677499999,10.64,2.450459038629293,-0.3912656760666067,2.7869659073923807,61.2896955,21.43294893382616,0.6265780079128216,4.484205615267881,6.458574968034325,5.914643433852384,0
cross17_clipped.csv,cross,-3.41535,4.87276963107225,23.743883877499997,17.48,5.9505041383062665,-1.5760433624139556,4.287357573822482,-0.2503999999999998,4.1711725977235705,17.39868084,22.02,4.178681729923924,-1.2607178399841952,6.216622636232388,-0.4941,2.5992664715261498,6.756186190000001,11.59,2.6458119736670627,-0.4067069890793268,2.90774513200457,59.8702015,21.632866199373584,0.4274342054632502,4.40101124742939,4.944142397759456,5.768385180859041,0
cross1_clipped.csv,cross,-2.12165,3.633223331629918,13.200311777500001,19.330000000000002,4.207340074203653,-1.8235772243943391,7.069584357126409,-0.7505000000000002,4.365565914059712,19.058165750000004,26.310000000000002,4.429606754555081,0.39787983491149276,5.9185105607828445,-0.6697500000000001,2.308329793920271,5.3283864375,10.940000000000001,2.4035289679968495,-1.3670320655088417,5.4907239541693125,43.100077999999996,18.438416417903134,0.7725930364687479,3.4301457694972672,5.39294735515976,4.868683954650924,0
cross21_clipped.csv,cross,-3.41365,4.787918042061706,22.924159177499995,17.509999999999998,5.880235156862351,-1.4936121926761952,4.137466434639925,-0.30144999999999994,3.5919062345083566,12.901790397500001,24.64,3.6045336036719093,-1.1670758169485647,9.151310683913083,-0.1391999999999996,2.6196464188893893,6.862547360000001,9.48,2.623342143144885,-0.1017613330459321,1.9906928841783267,54.451752,21.512082651384542,0.1208304597359457,3.894123778207364,4.018995906887215,5.459331385218916,0
cross2_clipped.csv,cross,-2.60875,3.764799056722682,14.173711937499997,16.87,4.580315327572983,-1.4400381366741795,5.057239132382422,-1.4271500000000001,4.595676596269585,21.120243377499996,29.21,4.81217211870066,1.1466567028559258,8.328116237973884,-1.12915,1.7219276342227625,2.9650347775,6.609999999999999,2.059129549105641,-1.164107539700215,3.7798213210434586,48.376303500000006,19.17761716168096,1.3031500297356402,3.500485680587767,3.208272999320808,5.221590821388886,0
cross3_clipped.csv,cross,-2.8752,4.047850535778218,16.385093960000003,16.68,4.965064853554281,-1.4691760834139296,4.84637571581117,-1.5123499999999999,4.766739659085653,22.721806977500005,31.4,5.000900868843533,0.6827034011067686,7.816412444684223,-1.368,1.7971474619518568,3.2297390000000004,7.77,2.2585754359772885,-1.072018226713351,4.31350260993342,54.7620415,18.869530995761394,1.5731814898478813,3.445823559034908,4.315379575432141,5.624338431858746,0
cross5_clipped.csv,cross,-2.1367000000000003,3.1695258493976666,10.045894109999999,16.89,3.8224836167078595,-2.4638533149099726,10.38871075997864,-0.8775999999999999,4.6068883468128465,21.22342024,27.060000000000002,4.689733681137981,-0.3669060732209869,6.640490266361589,-0.5407500000000002,1.6844749738419982,2.8374559375,7.05,1.7691428715623845,-0.08602452836168278,2.652953209322251,39.7348495,21.53798737115425,1.4870440477672475,2.7381928346995577,2.5999646841384507,4.564548686636242,0
cross6_clipped.csv,cross,-2.0668,3.6472878636049555,13.30270876,18.95,4.192179743283916,-1.8072755641720728,6.8478953447981254,-0.946,4.721887969869679,22.296226,25.61,4.815718222653813,0.6123611752733759,5.198281828637957,-0.5192,1.783735787609813,3.18171336,9.02,1.8577626328462957,-0.5098487172633112,3.9291754038474203,44.216795000000005,20.4279489915165,0.4450842616853577,3.277148150450327,4.3299870343633335,4.882141087527071,0
cross7_clipped.csv,cross,-2.5375252525252523,3.5033326754992733,12.273339835220895,16.73,4.32578018887047,-2.0069399218668362,7.362687246382322,-1.3045959595959593,4.7493773742262215,22.556585442811958,25.32,4.925297560615608,-0.18359289386861066,4.59726513215189,-0.7855555555555553,2.3901089203117887,5.712620650953984,12.870000000000001,2.5158931181229027,-0.21398315391766246,3.818127792745351,49.30064848484848,20.164503465248035,0.8417838202293982,3.222948960191582,3.482560133130453,5.386823731509049,0
cross9_clipped.csv,cross,-3.1540999999999997,4.884359854679015,23.856971190000003,22.610000000000003,5.814234085414863,-0.8427728824010019,3.2053152398074447,-2.0123499999999996,4.7457684285582244,22.5223179775,30.3,5.154791023892239,0.39921985023120066,6.8783207755265945,-1.54305,3.1518082425014375,9.933895197500002,19.29,3.5092589673604886,-3.0664670752830596,13.950275715606407,72.69208700000001,24.183634962511324,1.864215652761236,4.0079046894855175,5.760992103105447,6.419685143630732,0
